{
  "results": {
    "GO | All (5,045)": {
      "mse": 0.0034440655173572075,
      "pearson_mean": 0.518908054585222,
      "pearson_std": 0.32385393843893084,
      "top10_mean": 0.6742488662131519,
      "top10_std": 0.06910968384434185,
      "n_genes": 5045,
      "time_sec": 89.90989089012146
    },
    "GO | Pain (44)": {
      "mse": 0.005710059798160575,
      "pearson_mean": 0.48114960357062203,
      "pearson_std": 0.4076671848964769,
      "top10_mean": 0.5178571428571429,
      "top10_std": 0.23076514255928723,
      "n_genes": 44,
      "time_sec": 89.90989089012146
    },
    "GO | Non-pain (5,001)": {
      "mse": 0.0034241287550386018,
      "pearson_mean": 0.519354211407314,
      "pearson_std": 0.3235461709814534,
      "top10_mean": 0.6762499999999999,
      "top10_std": 0.06894828548577964,
      "n_genes": 5001,
      "time_sec": 89.90989089012146
    },
    "RA_PainKG | All (5,045)": {
      "mse": 0.0038183519010946696,
      "pearson_mean": 0.5857618529892201,
      "pearson_std": 0.33552681452471467,
      "top10_mean": 0.6671626984126985,
      "top10_std": 0.12866441730012815,
      "n_genes": 5045,
      "time_sec": 58.87478590011597
    },
    "RA_PainKG | Pain (44)": {
      "mse": 0.006051368105952252,
      "pearson_mean": 0.5577738479887844,
      "pearson_std": 0.37056063728045263,
      "top10_mean": 0.5133928571428571,
      "top10_std": 0.22370481814942053,
      "n_genes": 44,
      "time_sec": 58.87478590011597
    },
    "RA_PainKG | Non-pain (5,001)": {
      "mse": 0.0037987052878145798,
      "pearson_mean": 0.5860197046559722,
      "pearson_std": 0.3358516814390316,
      "top10_mean": 0.6668571428571429,
      "top10_std": 0.13331801782786534,
      "n_genes": 5001,
      "time_sec": 58.87478590011597
    },
    "Random | All (5,045)": {
      "mse": 0.003237306671998092,
      "pearson_mean": 0.6135184759826118,
      "pearson_std": 0.3368844923119051,
      "top10_mean": 0.6902281746031746,
      "top10_std": 0.08624846546505639,
      "n_genes": 5045,
      "time_sec": 44.22676992416382
    },
    "Random | Pain (44)": {
      "mse": 0.005986284300698648,
      "pearson_mean": 0.5126254551673756,
      "pearson_std": 0.45724314078185274,
      "top10_mean": 0.5357142857142857,
      "top10_std": 0.2286830084797446,
      "n_genes": 44,
      "time_sec": 44.22676992416382
    },
    "Random | Non-pain (5,001)": {
      "mse": 0.0032131205060987066,
      "pearson_mean": 0.6143814617475208,
      "pearson_std": 0.33610882343860177,
      "top10_mean": 0.6912857142857144,
      "top10_std": 0.08589231511560488,
      "n_genes": 5001,
      "time_sec": 44.22676992416382
    },
    "Identity | All (5,045)": {
      "mse": 0.0048074733242188285,
      "pearson_mean": 0.0,
      "pearson_std": 0.0,
      "top10_mean": 0.12985402494331066,
      "top10_std": 0.007221549032717603,
      "n_genes": 5045,
      "time_sec": 39.5498161315918
    },
    "Identity | Pain (44)": {
      "mse": 0.006798617547658228,
      "pearson_mean": 0.0,
      "pearson_std": 0.0,
      "top10_mean": 0.125,
      "top10_std": 0.1417366773784602,
      "n_genes": 44,
      "time_sec": 39.5498161315918
    },
    "Identity | Non-pain (5,001)": {
      "mse": 0.004789954758765653,
      "pearson_mean": 0.0,
      "pearson_std": 0.0,
      "top10_mean": 0.10932142857142857,
      "top10_std": 0.008604623223379773,
      "n_genes": 5001,
      "time_sec": 39.5498161315918
    }
  }
}