,mse,pearson_mean,pearson_std,top10_mean,top10_std,time
GO,0.0034440655173572075,0.518908054585222,0.32385393843893084,0.6742488662131519,0.06910968384434185,85.2812442779541
RA_PainKG,0.0038183519010946696,0.5857618529892201,0.33552681452471467,0.6671626984126985,0.12866441730012815,78.61651420593262
Random,0.003237306671998092,0.6135184759826118,0.3368844923119051,0.6902281746031746,0.08624846546505639,85.75892925262451
Identity,0.0048074733242188285,0.0,0.0,0.12985402494331066,0.007221549032717603,81.60983991622925
