{
  "results": {
    "GO": {
      "mse": 0.0034440655173572075,
      "pearson_mean": 0.518908054585222,
      "pearson_std": 0.32385393843893084,
      "top10_mean": 0.6742488662131519,
      "top10_std": 0.06910968384434185,
      "time": 85.2812442779541
    },
    "RA_PainKG": {
      "mse": 0.0038183519010946696,
      "pearson_mean": 0.5857618529892201,
      "pearson_std": 0.33552681452471467,
      "top10_mean": 0.6671626984126985,
      "top10_std": 0.12866441730012815,
      "time": 78.61651420593262
    },
    "Random": {
      "mse": 0.003237306671998092,
      "pearson_mean": 0.6135184759826118,
      "pearson_std": 0.3368844923119051,
      "top10_mean": 0.6902281746031746,
      "top10_std": 0.08624846546505639,
      "time": 85.75892925262451
    },
    "Identity": {
      "mse": 0.0048074733242188285,
      "pearson_mean": 0.0,
      "pearson_std": 0.0,
      "top10_mean": 0.12985402494331066,
      "top10_std": 0.007221549032717603,
      "time": 81.60983991622925
    }
  },
  "n_genes": 5045,
  "n_train": 227,
  "n_test": 56,
  "kg_genes_matched": 1600
}