{
  "RA-PainKG": {
    "n": 108915,
    "mse": 0.002623442506680185,
    "rmse": 0.05121955199609017,
    "pearson_r": -0.002987917583777885,
    "spearman_r": -0.005907029512477943,
    "r2": -0.018028133214142095,
    "train_mse": 0.0024736060153347245,
    "train_pearson_r": 0.19783772541067124,
    "n_epochs": 50,
    "n_params": 33920
  },
  "Random": {
    "n": 108915,
    "mse": 0.002610073275398792,
    "rmse": 0.051088876239341885,
    "pearson_r": 0.0019669787193097726,
    "spearman_r": -0.0020286598686411507,
    "r2": -0.01284019655105606,
    "train_mse": 0.002465585256756805,
    "train_pearson_r": 0.20640136508696133,
    "n_epochs": 50,
    "n_params": 33920
  },
  "Identity": {
    "n": 108915,
    "mse": 0.0025777109784188975,
    "rmse": 0.05077116286258271,
    "pearson_r": NaN,
    "spearman_r": NaN,
    "r2": -0.0002819915600669187,
    "train_mse": 0.0024655851928057524,
    "train_pearson_r": 0.20640138793011986,
    "n_epochs": 50,
    "n_params": 33920
  }
}