KG,Test_Pearson_r,Pain_Pearson_r,Unseen_Pearson_r,Test_MSE,Train_MSE,Time_s
GO-BP (original GEARS),0.0006,0.0006,0.0006,0.001036,0.000872,8.5
STRING v12,0.0003,0.0008,0.0003,0.00104,0.000872,8.0
RA-PainKG PPI,-0.0006,0.0002,-0.0006,0.001026,0.000883,8.2
Random (same density),0.0001,0.0004,0.0001,0.00104,0.000872,10.9
Identity (no KG),,,,0.000901,0.000878,5.5
