{
  "GO": {
    "r_all": {
      "mean": 0.5891914054318381,
      "std": 0.048312204072234397
    },
    "mse_all": {
      "mean": 0.0035396839855894703,
      "std": 0.0003680143602217278
    },
    "r_pain": {
      "mean": 0.5422447311178515,
      "std": 0.05481953054536495
    },
    "mse_pain": {
      "mean": 0.005964149728371638,
      "std": 0.001103712317237887
    },
    "r_nonpain": {
      "mean": 0.589772904090803,
      "std": 0.04840285976398759
    },
    "mse_nonpain": {
      "mean": 0.003518352953259453,
      "std": 0.0003621289835641992
    }
  },
  "RA_PainKG": {
    "r_all": {
      "mean": 0.5512463536703922,
      "std": 0.053922404197371036
    },
    "mse_all": {
      "mean": 0.0037917625162878854,
      "std": 0.0002632642713652473
    },
    "r_pain": {
      "mean": 0.5031948984593185,
      "std": 0.05249304054497816
    },
    "mse_pain": {
      "mean": 0.0055546137150796066,
      "std": 0.0009115015529914275
    },
    "r_nonpain": {
      "mean": 0.5515651745929673,
      "std": 0.05394073790529398
    },
    "mse_nonpain": {
      "mean": 0.0037762525277362283,
      "std": 0.0002588532157661117
    }
  },
  "Random": {
    "r_all": {
      "mean": 0.6468581617013962,
      "std": 0.042001064930778965
    },
    "mse_all": {
      "mean": 0.003436641993174972,
      "std": 0.00033944759671673575
    },
    "r_pain": {
      "mean": 0.5750400383797227,
      "std": 0.05249281611308617
    },
    "mse_pain": {
      "mean": 0.005447920437189081,
      "std": 0.0010027627319770726
    },
    "r_nonpain": {
      "mean": 0.6473668792664509,
      "std": 0.04206355827908662
    },
    "mse_nonpain": {
      "mean": 0.003418946282009881,
      "std": 0.00033494275202030526
    }
  },
  "Identity": {
    "r_all": {
      "mean": 0.0,
      "std": 0.0
    },
    "mse_all": {
      "mean": 0.005487407384921698,
      "std": 0.0007021583026781682
    },
    "r_pain": {
      "mean": 0.0,
      "std": 0.0
    },
    "mse_pain": {
      "mean": 0.008228681546343677,
      "std": 0.0014866922624950129
    },
    "r_nonpain": {
      "mean": 0.0,
      "std": 0.0
    },
    "mse_nonpain": {
      "mean": 0.005463288995978974,
      "std": 0.0006962474360873797
    }
  }
}