{
  "GO-BP (original GEARS)": {
    "n": 2144000,
    "mse": 0.0010358895077605616,
    "rmse": 0.032185237419670554,
    "pearson_r": 0.0006479968158823611,
    "spearman_r": 0.0005556329458953966,
    "r2": -0.1492041722961015,
    "kg_name": "GO-BP (original GEARS)",
    "train_mse": 0.0008719716483781062,
    "train_pearson_r": 0.18750255947431563,
    "pain_pearson_r": 0.0005776960431479787,
    "pain_mse": 0.0010619755310812852,
    "unseen_pearson_r": 0.0006479968158823611,
    "time_seconds": 8.5
  },
  "STRING v12": {
    "n": 2144000,
    "mse": 0.00103981026587164,
    "rmse": 0.032246089156231644,
    "pearson_r": 0.0002656397269961123,
    "spearman_r": 0.0004264510435187925,
    "r2": -0.15355381725925588,
    "kg_name": "STRING v12",
    "train_mse": 0.000871932842358934,
    "train_pearson_r": 0.1878157124289401,
    "pain_pearson_r": 0.0007867476099354736,
    "pain_mse": 0.001058698273268891,
    "unseen_pearson_r": 0.0002656397269961123,
    "time_seconds": 8.0
  },
  "RA-PainKG PPI": {
    "n": 2144000,
    "mse": 0.0010257014214588973,
    "rmse": 0.03202657367654082,
    "pearson_r": -0.0005962300633196184,
    "spearman_r": -0.0008179055448483493,
    "r2": -0.13790162390858396,
    "kg_name": "RA-PainKG PPI",
    "train_mse": 0.0008830536410429735,
    "train_pearson_r": 0.1504805976736324,
    "pain_pearson_r": 0.00016826782682767875,
    "pain_mse": 0.0010445322196375073,
    "unseen_pearson_r": -0.0005962300633196184,
    "time_seconds": 8.2
  },
  "Random (same density)": {
    "n": 2144000,
    "mse": 0.0010404280533037574,
    "rmse": 0.0322556669951771,
    "pearson_r": 0.00012581057934300674,
    "spearman_r": 1.4371216475717872e-05,
    "r2": -0.1542391836900021,
    "kg_name": "Random (same density)",
    "train_mse": 0.0008718764256597653,
    "train_pearson_r": 0.18822278988521274,
    "pain_pearson_r": 0.0003647457202024788,
    "pain_mse": 0.001059127339142895,
    "unseen_pearson_r": 0.00012581057934300674,
    "time_seconds": 10.9
  },
  "Identity (no KG)": {
    "n": 2144000,
    "mse": 0.0009014131191196643,
    "rmse": 0.03002354274764496,
    "pearson_r": NaN,
    "spearman_r": NaN,
    "r2": -1.7578799730300076e-05,
    "kg_name": "Identity (no KG)",
    "train_mse": 0.000878003751857032,
    "train_pearson_r": 0.16554694679773477,
    "pain_pearson_r": NaN,
    "pain_mse": 0.0009083621371525952,
    "unseen_pearson_r": NaN,
    "time_seconds": 5.5
  }
}